0,1,2,3,4,5,6,7,8,9,10,11,12,13,14,15,16,17,18,19,20,21,22,23,24,25,26,27,28,29,30,31,32,33,34,35,36,37,38,39,40,41,42,43,44,45,46,47,48,49,50,51,52,53,54,55,56,57,58,59,60,61,62,63,64,65,66,67,68,69,70,71,72,73,74,75,76,77,78,79,80,81,82,83,84,85,86,87,88,89,90,91,92,93,94,95,96,97,98,99,100,101,102,103,104,105,106,107,108,109,110,111,112,113,114,115,116,117,118,119,120,121,122,123,124,125,126,127,128,129,130,131
0.4646698534488678,0.7010601162910461,-1.0884759426116943,0.9998058676719666,0.4936649203300476,0.643418550491333,-1.074077844619751,0.9992949962615967,0.5086201429367065,0.6447795629501343,-1.0737133026123047,0.9995633959770203,0.5238928198814392,0.6463267803192139,-1.0733973979949951,0.9988112449645996,0.449739545583725,0.6384890675544739,-1.0823899507522583,0.9993384480476379,0.43459171056747437,0.6367040276527405,-1.0821552276611328,0.999535083770752,0.4203973710536957,0.635360062122345,-1.0821754932403564,0.9987199306488037,0.5483320355415344,0.6610327363014221,-0.8565477132797241,0.9992696642875671,0.39799296855926514,0.6419861316680908,-0.8943699598312378,0.9997755885124207,0.48944291472435,0.749708890914917,-0.9941838383674622,0.9994164705276489,0.44170647859573364,0.7442395687103271,-1.0075104236602783,0.9997602105140686,0.6049261093139648,0.8878037929534912,-0.6263256669044495,0.9939036965370178,0.2485773116350174,0.8555862307548523,-0.5856536626815796,0.9938066005706787,0.6856595277786255,1.2518161535263062,-0.7192261219024658,0.5411156415939331,0.17805367708206177,1.20090651512146,-0.31896230578422546,0.10837358236312866,0.5653457641601562,0.9592792987823486,-0.8408454656600952,0.9839184284210205,0.23728080093860626,1.4166511297225952,-0.3228786289691925,0.16794605553150177,0.5254963040351868,0.8775520324707031,-0.8706232905387878,0.9722097516059875,0.23970147967338562,1.4967048168182373,-0.3000269830226898,0.2096194177865982,0.5357540845870972,0.8188096284866333,-0.7622301578521729,0.9733056426048279,0.2557038366794586,1.4675227403640747,-0.33349815011024475,0.29528114199638367,0.5341792106628418,0.8407389521598816,-0.8001716732978821,0.9685335159301758,0.2641879618167877,1.4365712404251099,-0.33411023020744324,0.29661262035369873,0.528597354888916,1.3863258361816406,-0.04789754003286362,0.0009203749941661954,0.31495401263237,1.389067530632019,0.05105563998222351,0.0006579263135790825,0.5592108964920044,1.8219316005706787,-0.08391696959733963,0.00046126937377266586,0.37209552526474,1.8306211233139038,0.10837750136852264,8.164979226421565e-05,0.5475541353225708,2.1735026836395264,0.3975147306919098,1.7346277672913857e-05,0.37974485754966736,2.17995023727417,0.5622072219848633,1.2240268461027881e-06,0.5467740893363953,2.2296104431152344,0.4240313172340393,2.157117341994308e-05,0.3761495351791382,2.246915578842163,0.5957735180854797,4.6222953642427456e-06,0.5210778713226318,2.337157726287842,0.08137567341327667,6.377553654601797e-05,0.405714750289917,2.322054147720337,0.226633220911026,5.769845665781759e-05
0.4659072458744049,0.6948330998420715,-0.87549889087677,0.999825119972229,0.49478402733802795,0.6390755772590637,-0.8554686307907104,0.9993646740913391,0.5099436640739441,0.639944314956665,-0.8549752235412598,0.9996065497398376,0.5250478386878967,0.6410963535308838,-0.8542553782463074,0.998928964138031,0.4503859877586365,0.6354463696479797,-0.854211151599884,0.9994038343429565,0.43465813994407654,0.6335471272468567,-0.8537207841873169,0.9995808601379395,0.4202931523323059,0.6319113373756409,-0.8536323308944702,0.9988459348678589,0.5481236577033997,0.6565401554107666,-0.6613661050796509,0.9993417263031006,0.39544495940208435,0.640388548374176,-0.650524914264679,0.9997976422309875,0.4898345470428467,0.743694543838501,-0.7970141768455505,0.9994738698005676,0.44164448976516724,0.7383778691291809,-0.7955389022827148,0.9997836947441101,0.6076302528381348,0.8875462412834167,-0.49285921454429626,0.9944884777069092,0.2502098083496094,0.8615036010742188,-0.3892567753791809,0.9943632483482361,0.6746535301208496,1.2760429382324219,-0.5919705629348755,0.5607556700706482,0.18173500895500183,1.2547194957733154,-0.07170269638299942,0.1053972840309143,0.5672529935836792,0.9618558287620544,-0.7570289373397827,0.9852136969566345,0.23657993972301483,1.4863498210906982,-0.03676372766494751,0.18676181137561798,0.5254961848258972,0.8898265361785889,-0.7982867956161499,0.9744910597801208,0.23468318581581116,1.5726592540740967,-0.009293370880186558,0.2368767410516739,0.5358547568321228,0.8293910622596741,-0.686286449432373,0.9755325317382812,0.2508954107761383,1.5509841442108154,-0.04839710146188736,0.32544249296188354,0.5378292798995972,0.8496453762054443,-0.7174700498580933,0.9711580872535706,0.26191017031669617,1.5162806510925293,-0.05264000967144966,0.33115053176879883,0.5449252724647522,1.4170680046081543,-0.05123763158917427,0.0009477243875153363,0.31559205055236816,1.4231458902359009,0.05528990551829338,0.0006715473136864603,0.5606845617294312,1.8885031938552856,-0.07980604469776154,0.0004254539671819657,0.37133505940437317,1.892488718032837,0.3117469847202301,7.53901113057509e-05,0.557698130607605,2.254483938217163,0.45502376556396484,1.589334169693757e-05,0.37969300150871277,2.248380422592163,0.960971474647522,1.1170207017130451e-06,0.5576556921005249,2.320223331451416,0.485665887594223,1.964570583368186e-05,0.37585461139678955,2.3191182613372803,1.0155565738677979,4.19920388594619e-06,0.5395985841751099,2.4087629318237305,0.10967310518026352,6.055823905626312e-05,0.40805187821388245,2.393110990524292,0.6337563991546631,5.2841249271295965e-05
0.4661596715450287,0.6914815306663513,-0.7676841020584106,0.9998425245285034,0.4948573112487793,0.6356224417686462,-0.7510887384414673,0.999427855014801,0.5100387334823608,0.6360357999801636,-0.7504326701164246,0.9996457099914551,0.5250803232192993,0.636921763420105,-0.7495666742324829,0.9990355968475342,0.45045632123947144,0.6335863471031189,-0.7479969263076782,0.9994630813598633,0.43466049432754517,0.6319624185562134,-0.7472655177116394,0.9996224641799927,0.42025381326675415,0.630534827709198,-0.7470517158508301,0.9989603757858276,0.5475742816925049,0.6536692976951599,-0.5687209367752075,0.999407172203064,0.39545220136642456,0.6401437520980835,-0.5504666566848755,0.9998176693916321,0.48985251784324646,0.7392486333847046,-0.6935625672340393,0.9995260238647461,0.44169339537620544,0.7335155010223389,-0.6898292303085327,0.9998050332069397,0.6114519238471985,0.8872697949409485,-0.41706418991088867,0.9950252771377563,0.2521214187145233,0.8618388772010803,-0.3110126852989197,0.9948776960372925,0.6698633432388306,1.292327642440796,-0.5007480978965759,0.5628806352615356,0.18118734657764435,1.2545522451400757,0.026088040322065353,0.09903299808502197,0.5689406991004944,0.964789092540741,-0.6452627778053284,0.9863988757133484,0.22865119576454163,1.4903556108474731,0.09390240162611008,0.19248943030834198,0.5258248448371887,0.8927280306816101,-0.6866317987442017,0.9766342043876648,0.22020356357097626,1.572808027267456,0.12477586418390274,0.25161218643188477,0.5365703105926514,0.8320863842964172,-0.5709306001663208,0.9776374101638794,0.23789164423942566,1.5605602264404297,0.08262961357831955,0.34447067975997925,0.5420393347740173,0.8535112142562866,-0.6055288910865784,0.9736281633377075,0.2511623203754425,1.5280886888504028,0.07541611045598984,0.35367026925086975,0.5485844612121582,1.4286216497421265,-0.05191636085510254,0.0009096317226067185,0.3154924809932709,1.4315345287322998,0.05638597533106804,0.0006371826166287065,0.5556396245956421,1.9034143686294556,-0.0451248362660408,0.0003948908706661314,0.35706567764282227,1.902861475944519,0.3650548458099365,6.989061512285843e-05,0.5574866533279419,2.2798497676849365,0.5156661868095398,1.4626838492404204e-05,0.3703639507293701,2.2717816829681396,1.0552350282669067,1.0126952929567778e-06,0.5574427843093872,2.349449872970581,0.5504029989242554,1.8022243239101954e-05,0.3685026168823242,2.345038414001465,1.1141647100448608,3.804901098192204e-06,0.5378305912017822,2.4306716918945312,0.17799794673919678,5.905564103159122e-05,0.3979535698890686,2.41400408744812,0.7279956936836243,4.818850720766932e-05
0.46619707345962524,0.6895973086357117,-0.8598406910896301,0.9998551607131958,0.49486246705055237,0.6346088647842407,-0.8361981511116028,0.9994725584983826,0.5100865364074707,0.6348595023155212,-0.8351479768753052,0.9996731281280518,0.5251599550247192,0.6355533003807068,-0.8347875475883484,0.9991136789321899,0.45045042037963867,0.6327041387557983,-0.8680442571640015,0.9995062947273254,0.43459662795066833,0.6309881210327148,-0.8678474426269531,0.9996515512466431,0.4201629161834717,0.6295363903045654,-0.8674019575119019,0.999043881893158,0.5479885339736938,0.6519224643707275,-0.6509770750999451,0.9994552731513977,0.3954688012599945,0.6400195360183716,-0.6966342926025391,0.9998317360877991,0.48976534605026245,0.7377073168754578,-0.7835463285446167,0.9995649456977844,0.4414871633052826,0.7331130504608154,-0.8155245780944824,0.9998193979263306,0.6376383900642395,0.8852188587188721,-0.4353543817996979,0.9953636527061462,0.2535149157047272,0.8618240356445312,-0.41734379529953003,0.9952062368392944,0.7123994827270508,1.2874125242233276,-0.6829313635826111,0.5801784992218018,0.1744568794965744,1.2492554187774658,-0.11738000065088272,0.11013888567686081,0.5724960565567017,0.974591851234436,-0.8633700609207153,0.9868528246879578,0.20264339447021484,1.4770355224609375,-0.10632146894931793,0.21326392889022827,0.5262949466705322,0.9104982614517212,-0.9100664258003235,0.9771658778190613,0.1914501190185547,1.5607582330703735,-0.10463164001703262,0.27108830213546753,0.5384938716888428,0.8432620167732239,-0.7839967012405396,0.978248655796051,0.21287901699543,1.5410469770431519,-0.15396687388420105,0.3651733994483948,0.5475998520851135,0.8651469945907593,-0.8165093660354614,0.9743826389312744,0.22858209908008575,1.508854627609253,-0.1343015730381012,0.3757961690425873,0.5658015012741089,1.4285730123519897,-0.06430893391370773,0.0008685500361025333,0.3246424198150635,1.4330826997756958,0.06874806433916092,0.000616544799413532,0.56586754322052,1.9083870649337769,-0.11127512156963348,0.000379534118110314,0.35770437121391296,1.907318115234375,0.2861814796924591,6.87153878971003e-05,0.5635328888893127,2.2862532138824463,0.391448438167572,1.3704871889785863e-05,0.37134936451911926,2.2833685874938965,0.9294778108596802,9.702137049316661e-07,0.567391574382782,2.349302053451538,0.4161905348300934,1.684051676420495e-05,0.36871135234832764,2.353909492492676,0.9822779893875122,3.611197598729632e-06,0.5370245575904846,2.448650360107422,0.004719763062894344,5.559672354138456e-05,0.40789857506752014,2.436809539794922,0.45693570375442505,4.600896863848902e-05
0.46623045206069946,0.6879090070724487,-1.2722355127334595,0.9998506903648376,0.49482616782188416,0.6331967711448669,-1.2592546939849854,0.999489426612854,0.5100868940353394,0.6328116059303284,-1.2589356899261475,0.999678373336792,0.52518230676651,0.6330501437187195,-1.2586101293563843,0.9991559386253357,0.45000752806663513,0.6326034069061279,-1.2526477575302124,0.999518871307373,0.4339178502559662,0.6310141682624817,-1.252290964126587,0.9996482729911804,0.419253408908844,0.6295719146728516,-1.2522709369659424,0.9990672469139099,0.548773467540741,0.6505956649780273,-1.014772653579712,0.9994760751724243,0.3951227068901062,0.6409386396408081,-0.9728498458862305,0.9998190402984619,0.48995286226272583,0.73771733045578,-1.1643692255020142,0.9995337128639221,0.44150376319885254,0.7333056330680847,-1.156092882156372,0.9997822642326355,0.6349882483482361,0.8834438920021057,-0.7811818718910217,0.9941681027412415,0.260548859834671,0.8611685633659363,-0.5996334552764893,0.9930340647697449,0.711000382900238,1.272278904914856,-0.9780282974243164,0.5729091167449951,0.17589908838272095,1.2172961235046387,-0.3995089530944824,0.10528212785720825,0.5668269395828247,0.9659578800201416,-1.1031908988952637,0.9869699478149414,0.2065027505159378,1.3776816129684448,-0.51729416847229,0.21402624249458313,0.5176284313201904,0.8909046649932861,-1.1448440551757812,0.977608323097229,0.1975119411945343,1.442267656326294,-0.5106407403945923,0.27490586042404175,0.5265790224075317,0.8325931429862976,-1.0307855606079102,0.9787375330924988,0.21737678349018097,1.402622938156128,-0.5259191393852234,0.3706674873828888,0.5276731252670288,0.8636013865470886,-1.0595014095306396,0.9749147295951843,0.2317103147506714,1.379760980606079,-0.5279473066329956,0.38039517402648926,0.5613215565681458,1.4316486120224,-0.07954288274049759,0.0008269703248515725,0.3229493200778961,1.4296027421951294,0.0838855728507042,0.0005865442217327654,0.5571340918540955,1.910855770111084,-0.18166741728782654,0.0003882812161464244,0.3543321192264557,1.9040781259536743,0.08260597288608551,7.02972974977456e-05,0.5538780093193054,2.3038811683654785,0.2670932710170746,1.3604386367660481e-05,0.36482518911361694,2.294337511062622,0.44070273637771606,9.545427701596054e-07,0.5620824694633484,2.3706889152526855,0.28663745522499084,1.6469402908114716e-05,0.3618970513343811,2.367008924484253,0.46666035056114197,3.4884280921687605e-06,0.5110680460929871,2.465205669403076,-0.1404459923505783,5.424735354608856e-05,0.3929481506347656,2.4482409954071045,0.02758369781076908,4.657520912587643e-05
0.4669000208377838,0.6836578845977783,-1.1832044124603271,0.9998543858528137,0.4956880211830139,0.6315097212791443,-1.161787986755371,0.9995113015174866,0.5112025141716003,0.6318827271461487,-1.1614776849746704,0.9996874928474426,0.5263891220092773,0.6327558755874634,-1.1610890626907349,0.9991974830627441,0.45010143518447876,0.6297590136528015,-1.168541431427002,0.9995387196540833,0.4338935911655426,0.6281343102455139,-1.1681993007659912,0.999657928943634,0.419119268655777,0.6268802881240845,-1.1682391166687012,0.9991120100021362,0.5495802164077759,0.6507157683372498,-0.9121440052986145,0.9994949102401733,0.3946686387062073,0.6404229402542114,-0.9250656366348267,0.9998223781585693,0.49009743332862854,0.7363031506538391,-1.0725523233413696,0.9995346665382385,0.44120463728904724,0.731239914894104,-1.081586241722107,0.9997806549072266,0.6304610967636108,0.8816236257553101,-0.6848942041397095,0.9935927987098694,0.26135382056236267,0.8583506941795349,-0.6025763154029846,0.9923115372657776,0.7122229933738708,1.222680687904358,-0.8553420305252075,0.5321691036224365,0.17563514411449432,1.205126404762268,-0.4356740415096283,0.09907234460115433,0.634100079536438,1.0101962089538574,-0.9806144833564758,0.9752986431121826,0.2215850055217743,1.3744635581970215,-0.5976796746253967,0.20378580689430237,0.6250828504562378,0.9556926488876343,-1.0265628099441528,0.9672753214836121,0.22340059280395508,1.4470765590667725,-0.6112073659896851,0.26807326078414917,0.6288149952888489,0.9099578857421875,-0.9413295984268188,0.9702578186988831,0.24516046047210693,1.4071727991104126,-0.6314614415168762,0.3647419810295105,0.6122952699661255,0.9360787868499756,-0.951877236366272,0.9664567708969116,0.2538703680038452,1.380394697189331,-0.6107226610183716,0.3740130066871643,0.5595324039459229,1.4361401796340942,-0.06263720244169235,0.0007563811959698796,0.31366032361984253,1.4377481937408447,0.06749620288610458,0.0005375798209570348,0.56031733751297,1.9150850772857666,-0.15372098982334137,0.0003617206239141524,0.3555677533149719,1.9144037961959839,-0.006311668548732996,6.593189755221829e-05,0.5745774507522583,2.311974287033081,0.3178960084915161,1.249858905794099e-05,0.3763994872570038,2.3036770820617676,0.4196714460849762,8.850466883814079e-07,0.5796321630477905,2.380321979522705,0.34312745928764343,1.5013653865025844e-05,0.3754878342151642,2.376389741897583,0.45026111602783203,3.1910180950944778e-06,0.5468249320983887,2.4701144695281982,-0.043879054486751556,5.01864924444817e-05,0.4104647636413574,2.4486467838287354,0.0027770695742219687,4.3390391510911286e-05
0.4675515294075012,0.6822726726531982,-1.139312505722046,0.9998592734336853,0.49629124999046326,0.6308392286300659,-1.1320977210998535,0.9995378851890564,0.5119170546531677,0.6315229535102844,-1.131559133529663,0.9997009634971619,0.5271273851394653,0.6326864957809448,-1.130996823310852,0.9992458820343018,0.45047158002853394,0.6286994218826294,-1.127788782119751,0.9995619058609009,0.4340192675590515,0.6269926428794861,-1.127506971359253,0.9996708035469055,0.4191649556159973,0.6257030963897705,-1.1274383068084717,0.9991622567176819,0.5498602390289307,0.6507692933082581,-0.8273003697395325,0.9995213747024536,0.394493043422699,0.6400537490844727,-0.8797852396965027,0.99982750415802,0.4901452660560608,0.7358205318450928,-1.0582678318023682,0.9995495080947876,0.44119301438331604,0.7304020524024963,-1.061875581741333,0.9997861385345459,0.6213764548301697,0.8812844753265381,-0.5583469271659851,0.9934362769126892,0.2612125873565674,0.8544138073921204,-0.5593977570533752,0.9920825958251953,0.7085981965065002,1.217972993850708,-0.7403312921524048,0.49921536445617676,0.17024356126785278,1.1855131387710571,-0.4170357584953308,0.09386514127254486,0.6455009579658508,1.0282106399536133,-0.9623314142227173,0.965145468711853,0.21608741581439972,1.3549591302871704,-0.6474854350090027,0.1950233280658722,0.6419687271118164,0.9756594896316528,-1.0138647556304932,0.957865834236145,0.21678762137889862,1.427675485610962,-0.6696291565895081,0.2627805769443512,0.6454411745071411,0.9312983751296997,-0.9387112855911255,0.9625813961029053,0.23950085043907166,1.3887946605682373,-0.6904158592224121,0.3602113425731659,0.6274949312210083,0.9573929309844971,-0.940475583076477,0.9584481120109558,0.24843242764472961,1.3635963201522827,-0.6630741357803345,0.3687044084072113,0.5539196133613586,1.443241000175476,-0.05516137555241585,0.0006951106479391456,0.3062973618507385,1.442977786064148,0.060204487293958664,0.0004952535964548588,0.5594135522842407,1.920715093612671,-0.15862196683883667,0.0003426194016356021,0.3518228232860565,1.916205883026123,-0.0764273852109909,6.351543561322615e-05,0.572752833366394,2.3239035606384277,0.321245938539505,1.1551908755791374e-05,0.3744993805885315,2.3105485439300537,0.2878480553627014,8.360709671251243e-07,0.5769756436347961,2.3933732509613037,0.34328290820121765,1.3721759387408383e-05,0.3728885054588318,2.384232521057129,0.31183838844299316,2.9450238798744977e-06,0.5454432964324951,2.478317975997925,-0.08156657218933105,4.672110662795603e-05,0.4103311002254486,2.4504969120025635,-0.1451537162065506,4.085534965270199e-05
0.46767348051071167,0.68120276927948,-0.8685376048088074,0.999865710735321,0.49629759788513184,0.6299039125442505,-0.8385288119316101,0.9995612502098083,0.5119147300720215,0.6308776140213013,-0.8383803367614746,0.9997126460075378,0.5271090865135193,0.6323769688606262,-0.8381756544113159,0.9992887377738953,0.45050373673439026,0.6275197863578796,-0.8498915433883667,0.9995856285095215,0.4340219497680664,0.6259122490882874,-0.849312424659729,0.9996859431266785,0.4191662669181824,0.624802827835083,-0.8494657278060913,0.9992170929908752,0.5492496490478516,0.6508144736289978,-0.5566011667251587,0.9995388388633728,0.3944639563560486,0.6397951245307922,-0.603045642375946,0.999832272529602,0.4900987148284912,0.7358657121658325,-0.757824718952179,0.9995782971382141,0.4411941468715668,0.7301827669143677,-0.7712064385414124,0.9997997879981995,0.6085095405578613,0.8814215064048767,-0.3060635030269623,0.9939017295837402,0.26043933629989624,0.8520750403404236,-0.3863791823387146,0.9927281737327576,0.6732088327407837,1.1937880516052246,-0.29800429940223694,0.4558885991573334,0.1681835651397705,1.1793217658996582,-0.37151721119880676,0.10359874367713928,0.7098116278648376,1.1694530248641968,-0.6110371351242065,0.8980342745780945,0.2014753818511963,1.3685836791992188,-0.6127437353134155,0.1851324886083603,0.7506077289581299,1.1714309453964233,-0.6882291436195374,0.8975155353546143,0.19268104434013367,1.4572874307632446,-0.6653019189834595,0.24993295967578888,0.7522847056388855,1.0560638904571533,-0.7118290662765503,0.911422848701477,0.22254379093647003,1.442453145980835,-0.7226601243019104,0.34525391459465027,0.7140893340110779,1.1525235176086426,-0.6358426809310913,0.9086661338806152,0.23374012112617493,1.4100934267044067,-0.6439703702926636,0.3534047603607178,0.5334221124649048,1.444492220878601,-0.035541947931051254,0.0006969045498408377,0.30280086398124695,1.4416686296463013,0.04042508453130722,0.0004949075519107282,0.5331975221633911,1.9184927940368652,-0.1300470530986786,0.00036023653228767216,0.3237530589103699,1.9100409746170044,0.1308540552854538,6.820873386459425e-05,0.5364759564399719,2.3060989379882812,0.32333245873451233,1.256480118172476e-05,0.33745458722114563,2.29656720161438,0.5252841711044312,9.068220947483496e-07,0.5382040143013,2.375054359436035,0.3417939245700836,1.4209676010068506e-05,0.33312347531318665,2.3700804710388184,0.5473086833953857,3.156878165100352e-06,0.5054284334182739,2.4710469245910645,-0.08658812940120697,4.755883855978027e-05,0.3685787320137024,2.4475038051605225,0.07138781249523163,3.916210698662326e-05
0.46767473220825195,0.6809887290000916,-0.785516619682312,0.9998671412467957,0.4962175488471985,0.6299124360084534,-0.7562809586524963,0.9995755553245544,0.5117016434669495,0.6309239268302917,-0.7561756372451782,0.9997169971466064,0.5266109704971313,0.632466733455658,-0.7560387849807739,0.999319314956665,0.4505532383918762,0.6275092959403992,-0.7683876752853394,0.9996002912521362,0.4340629577636719,0.6258935928344727,-0.7677741050720215,0.9996932744979858,0.41928568482398987,0.6247726082801819,-0.7679216861724854,0.9992596507072449,0.5473410487174988,0.6513544321060181,-0.489389568567276,0.9995482563972473,0.39489156007766724,0.6396534442901611,-0.5347896814346313,0.9998334050178528,0.4898185133934021,0.735930323600769,-0.6777156591415405,0.9996004104614258,0.44118160009384155,0.7300995588302612,-0.6914399266242981,0.9998103380203247,0.602131187915802,0.8824969530105591,-0.258870005607605,0.9943139553070068,0.26010027527809143,0.8508397936820984,-0.3299815058708191,0.9933090806007385,0.6598814725875854,1.1925125122070312,-0.2531302273273468,0.4167636036872864,0.1650962233543396,1.1763577461242676,-0.3118211328983307,0.11338358372449875,0.7111292481422424,1.1930865049362183,-0.5591608285903931,0.8361854553222656,0.19328093528747559,1.370387315750122,-0.5557234883308411,0.1762993335723877,0.7510536313056946,1.1963424682617188,-0.6360731720924377,0.8420401215553284,0.18241342902183533,1.4609624147415161,-0.606709361076355,0.23856696486473083,0.7601686716079712,1.0645111799240112,-0.6548329591751099,0.8639248013496399,0.2131607085466385,1.4530460834503174,-0.6646333932876587,0.3321107029914856,0.7390221953392029,1.0685561895370483,-0.5827192068099976,0.8626114130020142,0.22507087886333466,1.4198570251464844,-0.5871340036392212,0.33978521823883057,0.5195375680923462,1.445475697517395,-0.03008507564663887,0.0006918131839483976,0.2983366847038269,1.4406768083572388,0.03479606285691261,0.0004903611843474209,0.5171422362327576,1.9169716835021973,-0.12800876796245575,0.0003842440783046186,0.310721218585968,1.9064306020736694,0.13282687962055206,7.527378329541534e-05,0.5158636569976807,2.299954414367676,0.2758949398994446,1.4172748706187122e-05,0.3209304213523865,2.2888827323913574,0.5033057332038879,1.0106691661349032e-06,0.5173592567443848,2.369532585144043,0.290401816368103,1.5279783838195726e-05,0.31543657183647156,2.361618757247925,0.5258364677429199,3.5482914881868055e-06,0.4836916923522949,2.4636452198028564,-0.12833473086357117,4.9017235141946e-05,0.350894033908844,2.4441452026367188,0.09324795752763748,3.793325595324859e-05
0.4676592946052551,0.6776513457298279,-0.6386057138442993,0.9998766779899597,0.4961321949958801,0.6277062296867371,-0.6084464192390442,0.9996098279953003,0.5116479396820068,0.6289148330688477,-0.6083358526229858,0.9997377395629883,0.526576578617096,0.630815863609314,-0.6081189513206482,0.9993763566017151,0.4505564272403717,0.6252028942108154,-0.6164814233779907,0.9996330738067627,0.43404489755630493,0.6234094500541687,-0.6157960295677185,0.9997168183326721,0.419283390045166,0.6218967437744141,-0.615942120552063,0.9993244409561157,0.5473517179489136,0.6511333584785461,-0.3630075454711914,0.9995821118354797,0.39488187432289124,0.6362097263336182,-0.39284467697143555,0.9998456239700317,0.4897749423980713,0.7341083288192749,-0.5417143106460571,0.9996331334114075,0.44117817282676697,0.7264728546142578,-0.550931453704834,0.9998260736465454,0.5993064641952515,0.8839274048805237,-0.1744113266468048,0.994694709777832,0.2599503695964813,0.8476026058197021,-0.23289163410663605,0.9938610792160034,0.6510542631149292,1.2002451419830322,-0.22104611992835999,0.37984198331832886,0.16295546293258667,1.171678900718689,-0.29036563634872437,0.11967828869819641,0.7058507204055786,1.2163714170455933,-0.538036584854126,0.779227614402771,0.18683835864067078,1.3782509565353394,-0.6264662742614746,0.16852153837680817,0.7446576952934265,1.2206207513809204,-0.6140183210372925,0.7944521903991699,0.1741115152835846,1.4651051759719849,-0.6899436116218567,0.2306355983018875,0.7401045560836792,1.1848093271255493,-0.6226340532302856,0.8235170841217041,0.2073451727628708,1.4534610509872437,-0.7357005476951599,0.3231898546218872,0.7128158807754517,1.1855913400650024,-0.5584065318107605,0.8234996199607849,0.22037248313426971,1.4207273721694946,-0.6572369337081909,0.33089616894721985,0.5177134275436401,1.4462310075759888,-0.026689117774367332,0.0007062810473144054,0.29636380076408386,1.4394948482513428,0.03152022510766983,0.000500978494528681,0.5085741877555847,1.9149513244628906,-0.14242438971996307,0.0003949323436245322,0.3019774258136749,1.9061475992202759,0.12891875207424164,8.04223891464062e-05,0.49979275465011597,2.295797824859619,0.19230712950229645,1.4459048543358222e-05,0.3028246760368347,2.2861833572387695,0.4568275511264801,1.0353161314924364e-06,0.5007987022399902,2.3654189109802246,0.20085985958576202,1.5279167200787924e-05,0.2952016294002533,2.361320972442627,0.4764593541622162,3.538143346304423e-06,0.46567121148109436,2.4623780250549316,-0.20593900978565216,4.85788332298398e-05,0.33268946409225464,2.4369864463806152,0.06395195424556732,3.598941839300096e-05
0.46764278411865234,0.6762495040893555,-0.612561821937561,0.9998846054077148,0.49603527784347534,0.6267756223678589,-0.5843933820724487,0.9996393322944641,0.5115910768508911,0.6281290054321289,-0.5842784643173218,0.9997549653053284,0.5265201926231384,0.6302477717399597,-0.584069013595581,0.9994259476661682,0.4505595266819,0.6240969300270081,-0.5910444259643555,0.9996617436408997,0.4340413212776184,0.6221815943717957,-0.5903699994087219,0.9997371435165405,0.41928791999816895,0.620515763759613,-0.590535044670105,0.9993822574615479,0.5473071932792664,0.6511245369911194,-0.3467530608177185,0.9996101260185242,0.3948989510536194,0.6343246698379517,-0.3702450692653656,0.9998564720153809,0.4897335469722748,0.7335471510887146,-0.5182520151138306,0.9996617436408997,0.4411758780479431,0.7249171733856201,-0.5255657434463501,0.9998400807380676,0.5978041291236877,0.8854581117630005,-0.1624271273612976,0.9950354099273682,0.25986629724502563,0.8442792296409607,-0.21507208049297333,0.9943817853927612,0.6476680636405945,1.2041419744491577,-0.21324267983436584,0.3471854627132416,0.15883812308311462,1.1659637689590454,-0.26709091663360596,0.130164235830307,0.7011990547180176,1.2185074090957642,-0.5250926613807678,0.7262005805969238,0.17921456694602966,1.3821758031845093,-0.5990496277809143,0.16294272243976593,0.7383860945701599,1.222563624382019,-0.59966641664505,0.7491480112075806,0.1650061011314392,1.46537446975708,-0.6584497690200806,0.22453901171684265,0.7323412299156189,1.1939643621444702,-0.6061280369758606,0.7842006683349609,0.2000259906053543,1.4545800685882568,-0.7032501697540283,0.31612467765808105,0.7044047713279724,1.1954345703125,-0.5446435809135437,0.7850987315177917,0.2138534039258957,1.421920657157898,-0.6285998821258545,0.3239041268825531,0.5153124332427979,1.446173906326294,-0.02533886209130287,0.0007397760055027902,0.29438427090644836,1.4385722875595093,0.03012721613049507,0.0005304728983901441,0.5019958019256592,1.9120196104049683,-0.13991716504096985,0.00042493018554523587,0.2960987389087677,1.9033312797546387,0.126350998878479,9.07901267055422e-05,0.4907208979129791,2.293025016784668,0.18926283717155457,1.5909545254544355e-05,0.29480674862861633,2.2848289012908936,0.44230014085769653,1.1405405757614062e-06,0.4914570450782776,2.362319231033325,0.19733545184135437,1.6199204765143804e-05,0.2871805727481842,2.3550870418548584,0.4617510437965393,3.726951945282053e-06,0.4567428529262543,2.457617998123169,-0.20374350249767303,5.021664401283488e-05,0.3243871331214905,2.4277701377868652,0.053224045783281326,3.50394839188084e-05
0.46672946214675903,0.675003707408905,-0.6512250900268555,0.999891996383667,0.4952808916568756,0.6248411536216736,-0.6201465725898743,0.999668538570404,0.510845959186554,0.6262086033821106,-0.6200637221336365,0.9997726082801819,0.5259208679199219,0.6285391449928284,-0.6199721693992615,0.9994743466377258,0.44984912872314453,0.6227586269378662,-0.6228850483894348,0.9996891021728516,0.4334050118923187,0.6212453246116638,-0.6222409009933472,0.9997567534446716,0.4188411235809326,0.6199161410331726,-0.6223782896995544,0.9994363784790039,0.547134518623352,0.650741696357727,-0.3598320186138153,0.9996404647827148,0.39490917325019836,0.6340948343276978,-0.3627139925956726,0.9998664855957031,0.4889504015445709,0.7325720191001892,-0.5489405989646912,0.9996902942657471,0.44016146659851074,0.7240326404571533,-0.5505627989768982,0.9998531937599182,0.5976341366767883,0.8860453367233276,-0.18181832134723663,0.9953711032867432,0.2607419788837433,0.8434531092643738,-0.19294489920139313,0.9948626756668091,0.6478073000907898,1.206773281097412,-0.24454545974731445,0.3193570375442505,0.15649749338626862,1.1522892713546753,-0.2713722288608551,0.14290140569210052,0.6867845058441162,1.249646782875061,-0.5699381232261658,0.6729106903076172,0.17290626466274261,1.348136305809021,-0.7347453832626343,0.1567327380180359,0.7126944065093994,1.2675219774246216,-0.6509621739387512,0.6991291046142578,0.15822353959083557,1.4240273237228394,-0.821374237537384,0.21663276851177216,0.7067331671714783,1.2406508922576904,-0.6549245119094849,0.738819420337677,0.1930716186761856,1.3996390104293823,-0.8629158139228821,0.30697962641716003,0.6842033863067627,1.2349673509597778,-0.58934086561203,0.7404384613037109,0.205834299325943,1.372019648551941,-0.7673588991165161,0.31441786885261536,0.51520836353302,1.4467642307281494,-0.028821095824241638,0.0007711008656769991,0.29425370693206787,1.4379059076309204,0.033665336668491364,0.0005680262111127377,0.5012896656990051,1.9102897644042969,-0.10827653110027313,0.00044261678704060614,0.2919869124889374,1.9008278846740723,0.19584104418754578,9.95263471850194e-05,0.4903445839881897,2.291201591491699,0.22594697773456573,1.7734981156536378e-05,0.29152166843414307,2.2845146656036377,0.5640149116516113,1.2744508239848074e-06,0.49246740341186523,2.3602116107940674,0.2449343502521515,1.74255055753747e-05,0.2845822274684906,2.3507235050201416,0.5886922478675842,4.273906597518362e-06,0.45242172479629517,2.4500396251678467,-0.15052205324172974,5.029984095017426e-05,0.32106679677963257,2.423895835876465,0.14849913120269775,3.427060437388718e-05
0.46673789620399475,0.6753362417221069,-0.6911036372184753,0.9998987913131714,0.49485182762145996,0.6251238584518433,-0.6559016704559326,0.999692976474762,0.5102421045303345,0.6264541149139404,-0.6558173894882202,0.9997878074645996,0.5250268578529358,0.6287957429885864,-0.6557500958442688,0.9995157718658447,0.4498187005519867,0.6233488917350769,-0.6668529510498047,0.9997125267982483,0.43337154388427734,0.6219543814659119,-0.6662085056304932,0.9997742772102356,0.41884058713912964,0.620844841003418,-0.6663419008255005,0.9994838237762451,0.546109139919281,0.6509478092193604,-0.3828901946544647,0.9996657967567444,0.3950338065624237,0.6344668865203857,-0.42300787568092346,0.999875545501709,0.48894938826560974,0.7331895232200623,-0.5834448337554932,0.9997150301933289,0.4401971399784088,0.7246916890144348,-0.5952059030532837,0.9998647570610046,0.5971765518188477,0.8870500326156616,-0.18327070772647858,0.9957247376441956,0.2608782649040222,0.8449714183807373,-0.2524721026420593,0.9953057169914246,0.641338050365448,1.194861888885498,-0.15918627381324768,0.2936391532421112,0.1626434326171875,1.153154969215393,-0.22600674629211426,0.1496051549911499,0.6801192164421082,1.2841861248016357,-0.46311673521995544,0.6131070256233215,0.17648206651210785,1.3720942735671997,-0.5863367319107056,0.1457328349351883,0.7067805528640747,1.322618842124939,-0.5459864139556885,0.6410784721374512,0.1651594042778015,1.4540432691574097,-0.7929255962371826,0.2024160474538803,0.6968554258346558,1.305951714515686,-0.5846773386001587,0.6828314065933228,0.19662171602249146,1.4413553476333618,-0.7381479144096375,0.2884877920150757,0.6753469109535217,1.2910218238830566,-0.49713683128356934,0.6840916275978088,0.20882467925548553,1.4077094793319702,-0.64475417137146,0.2951827049255371,0.5164140462875366,1.4462779760360718,-0.025197172537446022,0.0007657618843950331,0.2946491837501526,1.4375431537628174,0.030004525557160378,0.0005644140765070915,0.5049924850463867,1.9069114923477173,-0.1020335704088211,0.0004679074918385595,0.29801294207572937,1.8987263441085815,0.13452234864234924,0.00010751382797025144,0.495739609003067,2.2901289463043213,0.2513725161552429,1.9679479009937495e-05,0.3006642460823059,2.2834901809692383,0.44710177183151245,1.4181356391418376e-06,0.4976262152194977,2.3594045639038086,0.2707129418849945,1.8650724086910486e-05,0.29439103603363037,2.3500988483428955,0.46407556533813477,4.680617621488636e-06,0.4598654806613922,2.4397010803222656,-0.1402299702167511,5.1542825531214476e-05,0.33023980259895325,2.4161057472229004,0.013768014498054981,3.291582106612623e-05
0.4668045938014984,0.6756885647773743,-0.6993981003761292,0.9999049305915833,0.494650274515152,0.6253926753997803,-0.6638926267623901,0.9997146725654602,0.509958028793335,0.6266998648643494,-0.663796067237854,0.9998013377189636,0.5245789289474487,0.6290453672409058,-0.6637527346611023,0.9995526075363159,0.4498206675052643,0.6238328218460083,-0.6763670444488525,0.9997335076332092,0.4333721697330475,0.6225094199180603,-0.6757366061210632,0.9997901320457458,0.4188651442527771,0.6215376257896423,-0.6758636236190796,0.9995266199111938,0.5454860925674438,0.6510966420173645,-0.39072278141975403,0.9996879696846008,0.3951309323310852,0.6347082853317261,-0.43686509132385254,0.999883770942688,0.4889616072177887,0.7337093949317932,-0.5912479758262634,0.9997373223304749,0.4403130114078522,0.7252982258796692,-0.6047189235687256,0.9998752474784851,0.5968781113624573,0.8876842260360718,-0.19017523527145386,0.9960485696792603,0.2609096169471741,0.8460476994514465,-0.27148211002349854,0.9957137107849121,0.6383112072944641,1.1892341375350952,-0.14249473810195923,0.2705222964286804,0.16683512926101685,1.156240463256836,-0.21051836013793945,0.15655885636806488,0.6763660907745361,1.3034632205963135,-0.42452454566955566,0.5575923919677734,0.17744474112987518,1.3912951946258545,-0.49609383940696716,0.13565587997436523,0.7018359303474426,1.349448800086975,-0.5048015117645264,0.5862488746643066,0.16885913908481598,1.4757317304611206,-0.6232563257217407,0.189018115401268,0.6912418007850647,1.3352382183074951,-0.5486682057380676,0.6289900541305542,0.1978035867214203,1.4667998552322388,-0.6731206178665161,0.27090710401535034,0.6708278656005859,1.3169282674789429,-0.4599866271018982,0.6299958229064941,0.2094922810792923,1.4312727451324463,-0.5413757562637329,0.2769016623497009,0.5172510147094727,1.4460628032684326,-0.02310452051460743,0.0007620409014634788,0.29531002044677734,1.4374244213104248,0.027804473415017128,0.0005646453355439007,0.5067513585090637,1.9051392078399658,-0.08564282953739166,0.0005010944441892207,0.30120334029197693,1.8977450132369995,0.11404319852590561,0.00011724587966455147,0.49810105562210083,2.289677619934082,0.28118982911109924,2.2559461285709403e-05,0.304914653301239,2.281271457672119,0.43291133642196655,1.6270521427941276e-06,0.4998559057712555,2.359381675720215,0.29561296105384827,2.077299723168835e-05,0.29888027906417847,2.348095178604126,0.45056813955307007,5.282253823679639e-06,0.46310243010520935,2.435284376144409,-0.1364821344614029,5.386754492064938e-05,0.3341495394706726,2.4130492210388184,0.004061087500303984,3.201788058504462e-05
0.466824471950531,0.6754432320594788,-0.7306171655654907,0.9999090433120728,0.4943484365940094,0.624408483505249,-0.6968810558319092,0.999732494354248,0.509601891040802,0.6255566477775574,-0.6967439651489258,0.9998114705085754,0.524325966835022,0.6278628706932068,-0.6966891288757324,0.9995839595794678,0.44969257712364197,0.6233720779418945,-0.7067849040031433,0.9997493624687195,0.4332377314567566,0.6221892237663269,-0.7062951922416687,0.9997992515563965,0.4187876582145691,0.6213511824607849,-0.7065024971961975,0.999557375907898,0.5454695820808411,0.6504173874855042,-0.4407117962837219,0.9997069239616394,0.3951321840286255,0.6346807479858398,-0.4777674078941345,0.9998873472213745,0.48903053998947144,0.7334248423576355,-0.6285988092422485,0.9997541904449463,0.4404647946357727,0.7252854108810425,-0.640274167060852,0.9998820424079895,0.5979869365692139,0.8874415755271912,-0.240808367729187,0.9962876439094543,0.26075276732444763,0.8467854261398315,-0.2848277688026428,0.9959307909011841,0.6622369885444641,1.189639925956726,-0.2492755949497223,0.2530003786087036,0.16281816363334656,1.158979058265686,-0.22063219547271729,0.15852488577365875,0.7101097106933594,1.2588685750961304,-0.4580253064632416,0.5483609437942505,0.17643097043037415,1.369313359260559,-0.4978291392326355,0.13218216598033905,0.744193971157074,1.281481146812439,-0.5365279316902161,0.5799823999404907,0.16636323928833008,1.448096752166748,-0.57944256067276,0.18601854145526886,0.7477647066116333,1.0969167947769165,-0.6195274591445923,0.6270881295204163,0.19450339674949646,1.4237961769104004,-0.6312175989151001,0.2683660387992859,0.7074999213218689,1.310237169265747,-0.48966169357299805,0.6292958855628967,0.20626643300056458,1.394145131111145,-0.5345277786254883,0.27507495880126953,0.5215861201286316,1.4505894184112549,-0.026401042938232422,0.0007539715734310448,0.2963414788246155,1.4445033073425293,0.03151591867208481,0.0005555122625082731,0.5185694098472595,1.9022510051727295,-0.09034235775470734,0.0004798207082785666,0.3045027256011963,1.9025814533233643,0.20527274906635284,0.00011224114859942347,0.5135245323181152,2.2939212322235107,0.31274962425231934,2.1173602362978272e-05,0.3113247752189636,2.281877040863037,0.6378836035728455,1.5289392649719957e-06,0.5144915580749512,2.3641374111175537,0.33070772886276245,1.9507471733959392e-05,0.30626729130744934,2.348604440689087,0.6695332527160645,4.984955467079999e-06,0.48160967230796814,2.4359018802642822,-0.10681992769241333,5.114579471410252e-05,0.34124690294265747,2.414728879928589,0.23492363095283508,3.0079221687628888e-05
0.46688342094421387,0.6752105951309204,-0.734532356262207,0.9999123215675354,0.49421805143356323,0.6237815618515015,-0.7009294629096985,0.9997476935386658,0.5094504952430725,0.6248769164085388,-0.7007569670677185,0.9998198747634888,0.5242234468460083,0.6271798014640808,-0.7007420063018799,0.999610960483551,0.44966959953308105,0.6229934692382812,-0.7077869176864624,0.999762773513794,0.43321141600608826,0.621891975402832,-0.7070958614349365,0.9998067617416382,0.4187803268432617,0.6211519241333008,-0.7071722149848938,0.9995840191841125,0.5454548597335815,0.6500106453895569,-0.4595700204372406,0.9997230768203735,0.3951355814933777,0.6346256136894226,-0.49003252387046814,0.9998902082443237,0.48911207914352417,0.7331658601760864,-0.639907717704773,0.9997686743736267,0.440676212310791,0.7251914739608765,-0.6496256589889526,0.9998878240585327,0.5986637473106384,0.8873898983001709,-0.259474515914917,0.996494472026825,0.26039406657218933,0.8474636673927307,-0.2931268513202667,0.9961247444152832,0.6718995571136475,1.1909358501434326,-0.28194576501846313,0.23683229088783264,0.15966357290744781,1.1607801914215088,-0.22694182395935059,0.1604224145412445,0.715873122215271,1.2418513298034668,-0.49336060881614685,0.5371173024177551,0.1758957803249359,1.3641295433044434,-0.4989698827266693,0.12856268882751465,0.7491897940635681,1.2553958892822266,-0.5397437214851379,0.5712797045707703,0.16551175713539124,1.4420138597488403,-0.5636032819747925,0.1825033277273178,0.7566308975219727,1.0523625612258911,-0.6453710198402405,0.622306764125824,0.193325012922287,1.4141299724578857,-0.6158860921859741,0.2649109661579132,0.7130128145217896,1.288931965827942,-0.49409523606300354,0.625846266746521,0.2049989402294159,1.385576605796814,-0.5325149297714233,0.2722601294517517,0.5235635042190552,1.4539567232131958,-0.028119390830397606,0.0007452680147252977,0.2965598404407501,1.4489225149154663,0.03345463424921036,0.0005467631854116917,0.5238589644432068,1.901543378829956,-0.09288366883993149,0.0004603918350767344,0.30582255125045776,1.9062856435775757,0.2112383097410202,0.00010788544022943825,0.5199435949325562,2.297710418701172,0.3257661461830139,1.9896027879440226e-05,0.3143414556980133,2.2835512161254883,0.643856406211853,1.440489882043039e-06,0.5206918120384216,2.368138313293457,0.3446447253227234,1.835843977460172e-05,0.3095409870147705,2.350355863571167,0.675345242023468,4.718311629403615e-06,0.4888781011104584,2.437948703765869,-0.0902491956949234,4.859572436544113e-05,0.3449297547340393,2.4172165393829346,0.24224980175495148,2.8320229830569588e-05
0.46681007742881775,0.6753110885620117,-0.6989632844924927,0.9999201893806458,0.4939506947994232,0.6238313913345337,-0.6697346568107605,0.9997720122337341,0.5091317892074585,0.624933660030365,-0.6696738004684448,0.999836802482605,0.5238991975784302,0.6272184252738953,-0.6694851517677307,0.9996486902236938,0.44945231080055237,0.6230270266532898,-0.6674445271492004,0.9997853636741638,0.432962030172348,0.6219419836997986,-0.666721761226654,0.9998243451118469,0.41857796907424927,0.6212494969367981,-0.6666876077651978,0.9996234774589539,0.545442521572113,0.6500170230865479,-0.4068760871887207,0.9997498393058777,0.3951161801815033,0.6350443363189697,-0.38571786880493164,0.9998998641967773,0.4890987277030945,0.733185887336731,-0.5953259468078613,0.9997908473014832,0.44067686796188354,0.7252177596092224,-0.5909526348114014,0.9998981356620789,0.5998944044113159,0.8877912759780884,-0.2230900526046753,0.996772825717926,0.26043856143951416,0.8474956154823303,-0.13257119059562683,0.9963210821151733,0.6917272806167603,1.1909712553024292,-0.36106181144714355,0.2433723360300064,0.12961004674434662,1.135388731956482,-0.21811453998088837,0.17939801514148712,0.7359075546264648,1.1193383932113647,-0.731965959072113,0.5751304626464844,0.1526770293712616,1.181306004524231,-0.6615272760391235,0.1550339162349701,0.7678099870681763,1.0855213403701782,-0.8031904101371765,0.6049185395240784,0.14852191507816315,1.2078957557678223,-0.720047652721405,0.2079145610332489,0.7639678716659546,1.023928165435791,-0.7911939024925232,0.6527361273765564,0.1730668693780899,1.165245771408081,-0.7233093976974487,0.2931310832500458,0.7312477231025696,1.0826398134231567,-0.7351757287979126,0.655662477016449,0.1843099594116211,1.1614567041397095,-0.6784793734550476,0.3012009859085083,0.5236775875091553,1.455710530281067,-0.0593227818608284,0.0008423083345405757,0.2966315448284149,1.449126958847046,0.06451492011547089,0.0005956133245490491,0.5238305330276489,1.900675654411316,-0.21357783675193787,0.0004790408129338175,0.3066299855709076,1.905733585357666,0.29579368233680725,0.00011692394036799669,0.5199918746948242,2.3020663261413574,0.13271142542362213,1.923143099702429e-05,0.3154868185520172,2.2833921909332275,0.7412015795707703,1.4111404880168266e-06,0.5209006071090698,2.3710238933563232,0.14129774272441864,1.7333739378955215e-05,0.31059589982032776,2.34920597076416,0.7751280069351196,4.616545538738137e-06,0.48925501108169556,2.439112901687622,-0.3237062990665436,4.6889650548109785e-05,0.3459998071193695,2.417508602142334,0.33418259024620056,2.7920024876948446e-05
0.4667550027370453,0.6753884553909302,-0.7006933689117432,0.9999274611473083,0.49373048543930054,0.6238794922828674,-0.6717296242713928,0.9997941255569458,0.5088611841201782,0.6249715089797974,-0.6716740131378174,0.9998522996902466,0.5236194729804993,0.6272164583206177,-0.6714602112770081,0.9996829628944397,0.4492601752281189,0.6230876445770264,-0.6686801314353943,0.9998059272766113,0.4327298700809479,0.622043251991272,-0.667955756187439,0.999840497970581,0.4183806777000427,0.6214337944984436,-0.6678892374038696,0.9996594190597534,0.5454332828521729,0.6499941945075989,-0.40162864327430725,0.999774158000946,0.39510297775268555,0.635551393032074,-0.3773637115955353,0.9999087452888489,0.48909440636634827,0.7332019805908203,-0.5940870046615601,0.999811053276062,0.4406796097755432,0.7253314256668091,-0.5886118412017822,0.9999075531959534,0.6008073091506958,0.8880380392074585,-0.22003452479839325,0.9970398545265198,0.26041868329048157,0.8477445244789124,-0.11536940187215805,0.9965097904205322,0.6989169716835022,1.1917879581451416,-0.39944517612457275,0.249795064330101,0.11569521576166153,1.1255414485931396,-0.22520951926708221,0.19875656068325043,0.73743736743927,1.0910394191741943,-0.7982345223426819,0.6103651523590088,0.14086546003818512,1.125413179397583,-0.7294632196426392,0.18753677606582642,0.7671109437942505,1.0535985231399536,-0.8739862442016602,0.6361697316169739,0.13835126161575317,1.1368993520736694,-0.7901624441146851,0.23725417256355286,0.7607842683792114,1.01138436794281,-0.8486649394035339,0.680986225605011,0.16081592440605164,1.0943522453308105,-0.7847613096237183,0.3244839310646057,0.7312633991241455,1.0393822193145752,-0.8021180033683777,0.6832650303840637,0.17246612906455994,1.0968856811523438,-0.7439845204353333,0.3331376016139984,0.5237432718276978,1.4573206901550293,-0.07013053447008133,0.000923176237847656,0.29668617248535156,1.4501304626464844,0.07524999231100082,0.0006374847725965083,0.5238312482833862,1.9009350538253784,-0.20834481716156006,0.000500348920468241,0.3071070909500122,1.9059741497039795,0.3225891590118408,0.00012587227683980018,0.5202215909957886,2.30527925491333,0.14978572726249695,1.8674731109058484e-05,0.3162827491760254,2.284046173095703,0.7882119417190552,1.3743853060077527e-06,0.5214112997055054,2.3734190464019775,0.1593019664287567,1.641734706936404e-05,0.31132712960243225,2.348778247833252,0.8243477940559387,4.4841881390311755e-06,0.4901038110256195,2.440324544906616,-0.3056773543357849,4.5049360778648406e-05,0.346731036901474,2.4181785583496094,0.380114883184433,2.7323898393660784e-05
0.466825008392334,0.6754406094551086,-0.6812041997909546,0.9999302625656128,0.49363574385643005,0.6238939166069031,-0.6510754823684692,0.9998054504394531,0.5087590217590332,0.6249405741691589,-0.6510180234909058,0.9998593926429749,0.5235216021537781,0.6271219849586487,-0.6508156061172485,0.9997031092643738,0.44925108551979065,0.6231149435043335,-0.6568005681037903,0.9998160004615784,0.43272295594215393,0.6220672726631165,-0.6560990214347839,0.9998472929000854,0.41837653517723083,0.6214586496353149,-0.6561678647994995,0.9996801614761353,0.5452793836593628,0.649725615978241,-0.3913905620574951,0.9997876286506653,0.39492762088775635,0.6353415250778198,-0.4066571593284607,0.9999120831489563,0.4891311526298523,0.7332095503807068,-0.5781086087226868,0.9998228549957275,0.44096940755844116,0.7253662347793579,-0.5837506055831909,0.9999127984046936,0.6004618406295776,0.8877803087234497,-0.18843552470207214,0.9972029328346252,0.2602432668209076,0.8454931974411011,-0.18362808227539062,0.9966935515403748,0.6797273755073547,1.1921395063400269,-0.26675838232040405,0.2318110167980194,0.14044612646102905,1.1261173486709595,-0.24221587181091309,0.1917760670185089,0.726808488368988,1.1091948747634888,-0.6457274556159973,0.584662914276123,0.1579165905714035,1.265985369682312,-0.6662406325340271,0.17508867383003235,0.7583748698234558,1.0844647884368896,-0.7391578555107117,0.616690993309021,0.14931094646453857,1.3365099430084229,-0.7306961417198181,0.22499965131282806,0.7590726613998413,1.025334119796753,-0.7493387460708618,0.6666879653930664,0.17322735488414764,1.308517336845398,-0.7688373327255249,0.3104516267776489,0.7238076329231262,1.0720576047897339,-0.6687346696853638,0.6687348484992981,0.1858426332473755,1.2803034782409668,-0.6950917840003967,0.3187562823295593,0.5216972827911377,1.4494149684906006,-0.04895380139350891,0.0008883242262527347,0.2968599498271942,1.4407886266708374,0.05413093417882919,0.0006093039992265403,0.5185496807098389,1.889694094657898,-0.18974819779396057,0.000500658992677927,0.30650025606155396,1.8971138000488281,0.1419253647327423,0.00012383137072902173,0.5151997804641724,2.302168607711792,0.15774360299110413,1.8507849745219573e-05,0.3141888678073883,2.2811460494995117,0.46908503770828247,1.341743200100609e-06,0.5163402557373047,2.371722459793091,0.16632214188575745,1.6152072930708528e-05,0.3091578781604767,2.3464269638061523,0.48756226897239685,4.376041488285409e-06,0.48312464356422424,2.4329311847686768,-0.2735086977481842,4.5503151341108605e-05,0.3428223431110382,2.4111928939819336,0.04701564833521843,2.6283451006747782e-05
0.4669092297554016,0.6742249727249146,-0.6752048134803772,0.9999324083328247,0.49362286925315857,0.6224820613861084,-0.6396666765213013,0.999813437461853,0.5086880922317505,0.6236516833305359,-0.6395479440689087,0.9998630881309509,0.5233621597290039,0.6258971691131592,-0.6395279169082642,0.9997177124023438,0.44941750168800354,0.6211004257202148,-0.6528416872024536,0.9998255372047424,0.4328671097755432,0.6198245286941528,-0.6522825360298157,0.9998552799224854,0.41853880882263184,0.6189959645271301,-0.6524227261543274,0.9997039437294006,0.5446886420249939,0.648785412311554,-0.3775298595428467,0.9997919201850891,0.394875168800354,0.6331424117088318,-0.42455753684043884,0.9999169707298279,0.4890400469303131,0.731252133846283,-0.5718768835067749,0.9998332858085632,0.4409450888633728,0.7231979370117188,-0.5862909555435181,0.9999188780784607,0.5986984968185425,0.8883804678916931,-0.18840476870536804,0.9973700046539307,0.25413793325424194,0.8454346060752869,-0.27685248851776123,0.996989905834198,0.6379572749137878,1.1928387880325317,-0.11553087085485458,0.21366265416145325,0.1411549150943756,1.1463719606399536,-0.2426493912935257,0.20755331218242645,0.6714655756950378,1.3507534265518188,-0.3580487370491028,0.5285803079605103,0.16244880855083466,1.389394998550415,-0.5088146328926086,0.16544543206691742,0.7030730843544006,1.413332462310791,-0.43458399176597595,0.5594415664672852,0.15025298297405243,1.474164605140686,-0.5825920701026917,0.2123805433511734,0.6796535849571228,1.4037880897521973,-0.48605674505233765,0.607599675655365,0.18711116909980774,1.4643511772155762,-0.6408785581588745,0.29525816440582275,0.6587632894515991,1.3771989345550537,-0.39590540528297424,0.6092357039451599,0.19915419816970825,1.4291526079177856,-0.5405398011207581,0.3021068871021271,0.5159807801246643,1.449293613433838,-0.026703696697950363,0.0008651911630295217,0.2954423129558563,1.4407695531845093,0.030927937477827072,0.0006161993951536715,0.5059036016464233,1.8896257877349854,-0.05230093002319336,0.0006114317220635712,0.30368906259536743,1.8967629671096802,0.05463813990354538,0.0001510630827397108,0.5014954805374146,2.301529884338379,0.34815770387649536,3.118548193015158e-05,0.31026363372802734,2.2814857959747314,0.3384290337562561,2.1315374851837987e-06,0.5029813051223755,2.371159315109253,0.36478471755981445,2.6520125175011344e-05,0.30421996116638184,2.3473312854766846,0.3534644544124603,6.411036792997038e-06,0.46948686242103577,2.432830333709717,-0.02328389510512352,5.690391481039114e-05,0.33946362137794495,2.411090850830078,-0.07450889050960541,2.8205877242726274e-05
0.4672848582267761,0.6738673448562622,-0.6956647634506226,0.9999332427978516,0.4936791956424713,0.622154951095581,-0.6622523069381714,0.9998183846473694,0.5087026953697205,0.6233513951301575,-0.6621326208114624,0.999864399433136,0.5233506560325623,0.6255742311477661,-0.6620651483535767,0.9997276067733765,0.4499813914299011,0.6206038594245911,-0.6726778149604797,0.9998326897621155,0.43349915742874146,0.6191819906234741,-0.6720749139785767,0.9998614192008972,0.41906657814979553,0.6182287931442261,-0.6721714735031128,0.9997240304946899,0.544398844242096,0.6482802629470825,-0.39791786670684814,0.9997922778129578,0.3948745131492615,0.6317549347877502,-0.4374914765357971,0.999920666217804,0.4890371859073639,0.7304599285125732,-0.5915982723236084,0.9998408555984497,0.44115716218948364,0.7220739722251892,-0.6012486219406128,0.9999237656593323,0.5972381830215454,0.8889113664627075,-0.20383158326148987,0.9975008368492126,0.25065022706985474,0.8452651500701904,-0.3178621530532837,0.9972514510154724,0.6266984343528748,1.1928449869155884,-0.11870503425598145,0.19736362993717194,0.14159274101257324,1.1574854850769043,-0.25273454189300537,0.2221256047487259,0.6599448919296265,1.3583145141601562,-0.35334041714668274,0.4783121347427368,0.16691306233406067,1.4128848314285278,-0.5022104382514954,0.1566210389137268,0.6912291049957275,1.4190384149551392,-0.4278539717197418,0.5081229209899902,0.15359295904636383,1.4974637031555176,-0.5739358067512512,0.2006131261587143,0.6689497232437134,1.4083665609359741,-0.4803636074066162,0.5546308159828186,0.19585207104682922,1.486948847770691,-0.6323405504226685,0.2809127867221832,0.6489936113357544,1.3830012083053589,-0.39131826162338257,0.5559283494949341,0.20718224346637726,1.4519877433776855,-0.5338982343673706,0.2865634262561798,0.5122957229614258,1.4488767385482788,-0.01969115063548088,0.0008542965515516698,0.2942422032356262,1.4406989812850952,0.023657388985157013,0.0006314159836620092,0.5005359053611755,1.8892189264297485,-0.040834713727235794,0.0007493283483199775,0.30141323804855347,1.896471381187439,0.04792191460728645,0.00018343448755331337,0.4966248571872711,2.30104923248291,0.35883718729019165,4.679215999203734e-05,0.30863240361213684,2.281883955001831,0.331466406583786,3.1157951525528915e-06,0.4983084797859192,2.3706514835357666,0.3752356469631195,3.909579027094878e-05,0.3024159371852875,2.348111152648926,0.34607771039009094,9.11283405002905e-06,0.4645542502403259,2.432772159576416,-0.019467372447252274,7.166197610786185e-05,0.337919145822525,2.410994291305542,-0.0851704552769661,3.120904148090631e-05
0.4674049913883209,0.6739026308059692,-0.807320773601532,0.9999345541000366,0.49367135763168335,0.622067391872406,-0.7734050750732422,0.999822735786438,0.5086938142776489,0.623249351978302,-0.77326500415802,0.9998664855957031,0.5233398675918579,0.6254339814186096,-0.7731515765190125,0.9997349977493286,0.4500959515571594,0.6205503940582275,-0.7854506969451904,0.9998380541801453,0.4336182475090027,0.6191173791885376,-0.7849174737930298,0.9998660087585449,0.41916269063949585,0.618181049823761,-0.7850733399391174,0.9997386336326599,0.5442625880241394,0.648019015789032,-0.4953652322292328,0.9997946619987488,0.39490407705307007,0.6315123438835144,-0.5418387055397034,0.999923586845398,0.489033043384552,0.730477511882782,-0.696818470954895,0.9998480081558228,0.44153961539268494,0.7221336960792542,-0.7100226879119873,0.9999280571937561,0.5972170829772949,0.88887619972229,-0.27196839451789856,0.997619092464447,0.2508732080459595,0.8453080058097839,-0.35919860005378723,0.9974748492240906,0.6322965621948242,1.1931730508804321,-0.17241132259368896,0.18284709751605988,0.14005790650844574,1.09113347530365,-0.27444520592689514,0.22808852791786194,0.6641296148300171,1.3001822233200073,-0.4144689440727234,0.44101452827453613,0.16770528256893158,1.4123233556747437,-0.5119355916976929,0.15004265308380127,0.6946932673454285,1.3328797817230225,-0.5480288863182068,0.4739225506782532,0.1543961763381958,1.4978212118148804,-0.5932556986808777,0.1928728073835373,0.6728774309158325,1.3094185590744019,-0.6339113116264343,0.5239028930664062,0.19723467528820038,1.483380675315857,-0.6714212894439697,0.27287557721138,0.649420440196991,1.301347255706787,-0.5027248859405518,0.5242033004760742,0.2087870091199875,1.4491239786148071,-0.5444437861442566,0.27767229080200195,0.5127781629562378,1.4482618570327759,-0.021996106952428818,0.000809682416729629,0.29430830478668213,1.44050931930542,0.026144152507185936,0.0006069823284633458,0.5008511543273926,1.8891513347625732,-0.05588322877883911,0.0007211276097223163,0.30173012614250183,1.8964256048202515,0.07760895788669586,0.00017526658484712243,0.49792367219924927,2.300797939300537,0.3853651285171509,4.494513996178284e-05,0.31039220094680786,2.2817676067352295,0.41872864961624146,2.963644647024921e-06,0.5002026557922363,2.3702821731567383,0.40418919920921326,3.773851494770497e-05,0.3045608699321747,2.3483195304870605,0.43805021047592163,8.796429938229267e-06,0.46590596437454224,2.4326870441436768,-0.022408833727240562,6.882269371999428e-05,0.3387531042098999,2.4109578132629395,0.01123143918812275,2.9627593903569505e-05
0.4675309658050537,0.6739262938499451,-0.8183308839797974,0.9999356865882874,0.49366408586502075,0.6219393014907837,-0.7847839593887329,0.9998264908790588,0.5086862444877625,0.6231080293655396,-0.7846418619155884,0.9998681545257568,0.5233248472213745,0.6252548098564148,-0.7845302224159241,0.9997413158416748,0.4502096176147461,0.6204653382301331,-0.7967261075973511,0.9998428821563721,0.4337380528450012,0.6190279722213745,-0.7961932420730591,0.999870240688324,0.4192494750022888,0.6181142330169678,-0.7963496446609497,0.9997520446777344,0.5441371202468872,0.6477271914482117,-0.5081515312194824,0.9997963905334473,0.3949214816093445,0.6313107013702393,-0.5539355874061584,0.9999263286590576,0.4890333116054535,0.7304686307907104,-0.7081376314163208,0.9998543858528137,0.441882461309433,0.7221748232841492,-0.7214313745498657,0.9999319314956665,0.5972269773483276,0.8888375759124756,-0.2848365604877472,0.9977259039878845,0.25103598833084106,0.8453372120857239,-0.3647492825984955,0.9976796507835388,0.6344208717346191,1.1934221982955933,-0.20811304450035095,0.16972452402114868,0.13922475278377533,1.0770200490951538,-0.27515992522239685,0.23447656631469727,0.6677519083023071,1.2866193056106567,-0.4717589318752289,0.4063228666782379,0.16784939169883728,1.4137521982192993,-0.5247190594673157,0.14407025277614594,0.6949285864830017,1.3177813291549683,-0.5653607845306396,0.44149744510650635,0.15569446980953217,1.4998879432678223,-0.5992063283920288,0.18569302558898926,0.6784766912460327,1.29835844039917,-0.6526786088943481,0.49412381649017334,0.19779375195503235,1.4856188297271729,-0.6712967157363892,0.2653530538082123,0.652687132358551,1.2872422933578491,-0.512551486492157,0.49361640214920044,0.20949645340442657,1.4511817693710327,-0.5573873519897461,0.26936793327331543,0.5132694244384766,1.4477943181991577,-0.023383069783449173,0.0007689913036301732,0.2944173812866211,1.4403291940689087,0.027646193280816078,0.0005851946189068258,0.5016170144081116,1.8890856504440308,-0.05996803566813469,0.0006979361060075462,0.3018146753311157,1.8963887691497803,0.08596900850534439,0.0001682911824900657,0.4984568953514099,2.300572156906128,0.3852247893810272,4.351003735791892e-05,0.311604380607605,2.281679391860962,0.4520464837551117,2.836614385159919e-06,0.5012351274490356,2.3699910640716553,0.4041268229484558,3.672411185107194e-05,0.30600425601005554,2.348456859588623,0.47388553619384766,8.553939551347867e-06,0.46718478202819824,2.4326133728027344,-0.024595502763986588,6.645562098128721e-05,0.3393667936325073,2.41092586517334,0.03442100062966347,2.8224658308317885e-05
0.467467725276947,0.6728346347808838,-0.6770659685134888,0.9999389052391052,0.49319586157798767,0.6214880347251892,-0.6452093720436096,0.9998373985290527,0.5079514384269714,0.6225894093513489,-0.6450468897819519,0.9998753070831299,0.5223973989486694,0.6246700882911682,-0.6448003053665161,0.9997588992118835,0.45006030797958374,0.6199204325675964,-0.6543928384780884,0.9998530149459839,0.4335298538208008,0.6184375286102295,-0.6537556648254395,0.9998775720596313,0.41904416680336,0.617457389831543,-0.6538901329040527,0.9997698664665222,0.5432373285293579,0.6474222540855408,-0.39415210485458374,0.9998081922531128,0.3943517804145813,0.6311394572257996,-0.429293155670166,0.9999303221702576,0.4888017177581787,0.7290852069854736,-0.5789245367050171,0.9998636841773987,0.4416971802711487,0.7212669849395752,-0.5892249345779419,0.9999363422393799,0.5969948768615723,0.888818085193634,-0.20290318131446838,0.9978387951850891,0.2511556148529053,0.8453376293182373,-0.2730754613876343,0.9978470802307129,0.6312655806541443,1.2042409181594849,-0.21081694960594177,0.1579480618238449,0.13954821228981018,1.0729107856750488,-0.2755471169948578,0.23313869535923004,0.6743823885917664,1.2747477293014526,-0.4949966073036194,0.3869243264198303,0.16817644238471985,1.4017833471298218,-0.6062138676643372,0.14063651859760284,0.7118633985519409,1.2832075357437134,-0.5687068700790405,0.4295171797275543,0.1569642722606659,1.4829050302505493,-0.6784850358963013,0.18420720100402832,0.7034106850624084,1.28577721118927,-0.6526957154273987,0.48672860860824585,0.19738975167274475,1.4655572175979614,-0.7356892824172974,0.26450467109680176,0.67524254322052,1.258039951324463,-0.5262468457221985,0.4860563576221466,0.2094462662935257,1.4338443279266357,-0.641203761100769,0.26828980445861816,0.5136104822158813,1.4483437538146973,-0.02231457084417343,0.0008010183228179812,0.2945234179496765,1.4410731792449951,0.026809662580490112,0.0006142010679468513,0.5027493238449097,1.8890131711959839,-0.11347277462482452,0.000717688468284905,0.30173420906066895,1.8969943523406982,0.0871635153889656,0.00016873986169230193,0.49842971563339233,2.3004565238952637,0.2178000509738922,4.3567357352003455e-05,0.31055983901023865,2.281857490539551,0.4553419053554535,2.7393357413529884e-06,0.5005375146865845,2.3700366020202637,0.22601237893104553,3.7139514461159706e-05,0.3047769367694855,2.348342180252075,0.4759581685066223,8.262462870334275e-06,0.46697649359703064,2.432410955429077,-0.18644392490386963,6.813789514126256e-05,0.33924296498298645,2.410968780517578,0.04650958254933357,2.770902938209474e-05
